,Survived,Pclass,Sex,Age,SibSp,Parch,Fare,Embarked,Familysize
0,0,3,0,0.45272319662402744,0,0,0.015281580671177828,1,0
1,1,3,1,0.6175656072794409,1,0,0.013663090060062943,2,1
2,0,2,0,0.815376500065937,0,0,0.018908740708122825,1,0
3,0,3,0,0.3538177502307794,0,0,0.016908073949327893,2,0
4,1,3,1,0.287880785968614,1,1,0.023983602730431916,2,2
5,0,3,0,0.18238164314914942,0,0,0.01800600082915438,2,0
6,1,3,1,0.3933799287880786,0,0,0.014891206669461744,1,0
7,0,2,0,0.34063035737834635,1,1,0.056604230248832196,2,2
8,1,3,1,0.23513121455888172,0,0,0.014110458666029575,0,0
9,0,3,0,0.27469339311618096,2,0,0.04713766070721715,2,2
10,0,3,0,0.3538177502307794,0,0,0.015411575213749286,2,0
11,0,1,0,0.6043782144270078,0,0,0.050748620223090936,2,0
12,1,1,1,0.3010681788210471,1,0,0.16057390443488287,2,1
13,0,2,0,0.8285638929183701,1,0,0.050748620223090936,2,1
14,1,1,1,0.6175656072794409,1,0,0.11940564777490723,2,1
15,1,2,1,0.31425557167348017,1,0,0.05410739813385612,0,1
16,0,2,0,0.459316893050244,0,0,0.024105594605968193,1,0
17,0,3,0,0.27469339311618096,0,0,0.014102260811993537,0,0
18,1,3,1,0.3538177502307794,1,0,0.015468569817999833,2,1
19,1,3,1,0.5911908215745747,0,0,0.014102260811993537,0,0
20,0,1,0,0.7230647500989055,1,0,0.11594107850967697,0,1
21,0,3,0,0.11644467888698405,0,1,0.0061889894232067975,2,1
22,1,1,1,0.3538177502307794,0,0,0.06184168304285603,2,0
23,0,1,0,0.27469339311618096,0,1,0.11980421963065935,0,1
24,1,1,1,0.630753000131874,1,3,0.5121218935012878,0,4
25,0,3,0,0.6571277858367401,1,0,0.028302115124416098,2,1
26,1,1,1,0.287880785968614,0,1,0.1209753416358076,0,1
27,0,3,0,0.29447448239483054,0,0,0.014102260811993537,0,0
28,0,1,0,0.5384412501648425,0,0,0.05953203526170282,2,0
29,0,3,0,0.3538177502307794,2,0,0.04231498029001666,0,2
30,0,2,0,0.6571277858367401,1,0,0.050748620223090936,2,1
31,0,2,0,0.31425557167348017,2,0,0.061483905270283246,2,2
32,1,3,1,0.43294210734537786,1,2,0.04015972542654215,2,3
33,1,3,1,0.3538177502307794,1,2,0.04577135170121086,2,3
34,0,1,0,0.3933799287880786,1,0,0.11272049299551928,0,1
35,0,3,0,0.24172491098509827,0,0,0.014110458666029575,0,0
36,1,3,1,0.3538177502307794,0,0,0.015712553569072387,2,0
37,1,3,1,0.27469339311618096,0,0,0.016908073949327893,2,0
38,0,3,0,0.32744296452591326,0,0,0.018542765081513996,2,0
39,0,3,0,0.3538177502307794,0,0,0.11027245763075773,2,0
40,0,3,0,0.5120664644599763,0,1,0.026187654344120927,0,1
41,0,1,0,0.3538177502307794,0,0,0.051822148727810165,2,0
42,0,3,0,0.5384412501648425,0,0,0.0153221795673563,2,0
43,1,2,1,0.3933799287880786,0,0,0.025374310111545468,2,0
44,1,1,1,0.5911908215745747,1,0,0.10257896680493714,2,1
45,0,3,0,0.32744296452591326,0,0,0.015468569817999833,2,0
46,0,1,0,0.5911908215745747,0,0,0.057970539254838485,0,0
47,0,3,0,0.3538177502307794,0,0,0.015126992566498259,1,0
48,1,1,1,0.7890017143610708,0,0,0.14891148113361488,0,0
49,1,3,1,0.47250428590267707,0,2,0.031034733136428686,2,2
50,0,1,0,0.31425557167348017,1,0,0.11711220051482524,2,1
51,0,2,0,0.3538177502307794,0,0,0.029343047399992037,0,0
52,1,2,1,0.2615060002637479,2,1,0.044893010197349675,2,3
53,1,1,1,0.36700514308321247,3,2,0.5133418122566507,2,5
54,0,2,0,0.3538177502307794,0,0,0.03040857323767609,0,0
55,0,3,0,0.12963207173941713,4,1,0.05684821399990475,1,5
56,0,3,0,0.459316893050244,0,0,0.015411575213749286,2,0
57,0,3,0,0.32744296452591326,0,0,0.014931805565640218,2,0
58,0,3,0,0.3538177502307794,1,0,0.031425107138144774,2,1
59,1,1,1,0.47250428590267707,0,0,0.5121218935012878,0,0
60,0,3,0,0.22194382170644866,0,0,0.015411575213749286,2,0
61,0,2,0,0.41975471449294477,0,0,0.026350245115835676,2,0
62,0,3,0,0.23513121455888172,0,0,0.015126992566498259,2,0
63,1,3,1,0.287880785968614,0,0,0.015078195816283748,1,0
64,0,1,0,0.16919425029671636,2,2,0.5121218935012878,0,4
65,1,2,1,0.3538177502307794,0,0,0.04098927018018883,2,0
66,1,3,1,0.23513121455888172,0,0,0.01537917417160685,1,0
67,0,1,0,0.6175656072794409,0,0,0.08275928836380983,2,0
68,0,1,0,0.4065673216405117,0,0,0.05570149036986375,0,0
69,1,1,1,0.7890017143610708,1,4,0.5133418122566507,2,5
70,1,3,1,0.31425557167348017,0,0,0.015126992566498259,1,0
71,0,3,0,0.27469339311618096,0,0,0.015411575213749286,2,0
72,1,3,1,0.38019253593564556,0,0,0.015468569817999833,2,0
73,0,1,0,0.373598839509429,0,0,0.05410739813385612,0,0
74,1,1,1,0.459316893050244,0,0,0.41282050681475896,0,0
75,0,1,0,0.4263484109191613,0,0,0.41282050681475896,0,0
76,0,3,0,0.3538177502307794,0,0,0.015712553569072387,2,0
77,1,1,1,0.7230647500989055,2,0,0.05016305922051681,2,2
78,0,2,0,0.3933799287880786,0,0,0.025374310111545468,2,0
79,1,3,1,0.31425557167348017,0,0,0.015126992566498259,1,0
80,0,3,0,0.07688250032968483,1,1,0.029757819776815374,0,2
81,0,1,0,0.8813134643281024,1,0,0.4328841690069588,2,1
82,0,1,0,0.643940392984307,0,0,0.050748620223090936,2,0
83,0,3,0,0.3538177502307794,0,0,0.015411575213749286,2,0
84,0,2,0,0.3538177502307794,0,0,0.020901209612881715,1,0
85,0,3,0,0.3538177502307794,1,0,0.028212719478023115,0,1
86,1,3,1,0.3538177502307794,0,0,0.01537917417160685,1,0
87,1,3,1,0.23513121455888172,0,0,0.015712553569072387,2,0
88,1,3,1,0.3538177502307794,0,0,0.015126992566498259,1,0
89,0,2,0,0.024132928919952525,1,1,0.044893010197349675,2,2
90,1,3,1,0.287880785968614,1,0,0.027130993119267845,2,1
91,0,3,0,0.3538177502307794,0,0,0.015175789316712771,2,0
92,1,1,1,0.3538177502307794,1,2,0.10149724044618187,2,3
93,0,3,0,0.3538177502307794,0,0,0.015712553569072387,2,0
94,0,1,0,0.32744296452591326,0,0,0.050748620223090936,0,0
95,0,3,0,0.32744296452591326,0,0,0.015216388212891242,2,0
96,1,1,1,1.0,1,0,0.15390495017656614,2,1
97,0,3,0,0.38019253593564556,0,0,0.015468569817999833,2,0
98,1,3,1,0.2615060002637479,0,0,0.015330377421392339,2,0
99,0,3,0,0.43294210734537786,0,0,0.015712553569072387,2,0
100,1,1,1,0.5648160358697086,1,0,0.1082149914547131,0,1
101,0,2,0,0.3538177502307794,1,0,0.050748620223090936,2,1
102,0,3,0,0.3538177502307794,0,0,0.015126992566498259,1,0
103,0,3,0,0.34063035737834635,0,0,0.015175789316712771,2,0
104,1,3,1,0.20875642885401557,1,1,0.016623491302076868,0,2
105,0,3,0,0.36700514308321247,0,0,0.04396587194327397,2,0
106,0,3,0,0.27469339311618096,0,0,0.015265184963105752,1,0
107,0,3,0,0.3538177502307794,0,0,0.015126992566498259,1,0
108,0,3,0,0.3538177502307794,0,0,0.017005667449756914,2,0
109,0,2,0,0.24172491098509827,0,0,0.025374310111545468,2,0
110,0,2,0,0.5384412501648425,0,0,0.02936744577509929,0,0
111,1,3,1,0.3538177502307794,0,0,0.015183987170748809,1,0
112,1,1,1,0.47250428590267707,0,0,0.06183368037582086,0,0
113,1,3,1,0.24172491098509827,0,0,0.014216054833493776,1,0
114,1,1,1,0.8285638929183701,1,0,0.4328841690069588,2,1
115,0,3,0,0.23513121455888172,1,0,0.028212719478023115,0,1
116,0,3,0,0.3538177502307794,0,0,0.012565163180236457,0,0
117,1,3,1,0.010945536067519452,1,1,0.03259622914329302,2,2
118,0,1,0,0.47250428590267707,0,0,0.1468620176246054,0,0
119,1,2,1,0.38019253593564556,1,0,0.050748620223090936,2,1
120,1,2,1,0.15600685744428328,0,0,0.030741952635141623,2,0
121,0,3,0,0.3538177502307794,1,0,0.015126992566498259,1,1
122,1,1,1,0.459316893050244,1,0,0.11272049299551928,0,1
123,0,3,0,0.36700514308321247,0,0,0.014151057562208049,2,0
124,0,3,0,0.3538177502307794,0,0,0.015126992566498259,1,0
125,1,3,1,0.22194382170644866,0,1,0.031425107138144774,2,1
126,0,3,0,0.287880785968614,0,0,0.015216388212891242,2,0
127,1,3,1,0.3538177502307794,2,0,0.04538097769949478,1,2
128,0,2,0,0.5516286430172755,0,0,0.025374310111545468,2,0
129,0,3,0,0.31425557167348017,0,0,0.015712553569072387,2,0
130,0,3,0,0.41975471449294477,0,0,0.015712553569072387,2,0
131,0,1,0,0.6966899643940393,0,0,0.055628295244541985,0,0
132,1,3,1,0.3538177502307794,0,4,0.049707687947515,2,4
133,0,3,0,0.3538177502307794,1,0,0.012565163180236457,0,1
134,0,3,0,0.5648160358697086,0,0,0.015411575213749286,2,0
135,0,3,0,0.31425557167348017,0,0,0.015330377421392339,2,0
136,0,3,0,0.34722405380456284,0,0,0.014102260811993537,0,0
137,0,2,0,0.34063035737834635,0,0,0.025374310111545468,2,0
138,1,3,1,0.3010681788210471,0,0,0.015712553569072387,2,0
139,0,3,0,0.5252538573124094,1,6,0.09154270340242172,2,7
140,1,3,1,0.12963207173941713,5,2,0.09154270340242172,2,7
141,1,1,1,0.43294210734537786,0,0,0.29580589980036276,2,0
142,0,1,0,0.8021891072135039,1,3,0.5121218935012878,0,4
143,0,2,0,0.36700514308321247,0,0,0.050748620223090936,2,0
144,0,1,0,0.5516286430172755,0,0,0.051822148727810165,2,0
145,0,3,0,0.4065673216405117,3,0,0.03513366015444757,2,3
146,0,1,0,0.3538177502307794,0,0,0.10122885832000206,2,0
147,0,3,0,0.287880785968614,0,0,0.015712553569072387,2,0
148,0,1,0,0.3538177502307794,0,0,0.051822148727810165,2,0
149,0,2,0,0.3933799287880786,1,1,0.050748620223090936,2,2
150,1,1,1,0.3010681788210471,0,1,0.16231419173453318,0,1
151,0,3,0,0.3538177502307794,0,0,0.015411575213749286,0,0
152,0,3,0,0.7955954107872873,0,0,,2,0
153,1,3,1,0.47250428590267707,0,2,0.023780217875537836,2,2
154,0,3,0,0.16919425029671636,4,2,0.06126431989431795,2,6
155,0,3,0,0.31425557167348017,0,0,0.014736618564782174,2,0
156,1,1,1,0.38019253593564556,0,0,0.4328841690069588,2,0
157,1,3,1,0.3010681788210471,0,0,0.015330377421392339,2,0
158,0,1,0,0.5516286430172755,0,0,0.051822148727810165,2,0
159,1,3,1,0.34063035737834635,0,2,0.026887009368195294,2,2
160,1,3,1,0.3538177502307794,0,0,0.015094396337354966,1,0
161,0,3,0,0.0900698931821179,1,1,0.029757819776815374,0,2
162,1,2,1,0.34063035737834635,0,0,0.026350245115835676,2,0
163,0,3,0,0.3538177502307794,0,0,0.013663090060062943,2,0
164,0,2,0,0.5384412501648425,0,0,0.025374310111545468,2,0
165,1,3,1,0.34063035737834635,1,1,0.04298993693898376,2,2
166,0,1,0,0.630753000131874,0,0,0.09856123757927521,0,0
167,0,3,0,0.23513121455888172,2,2,0.06709553154495196,2,4
168,1,1,1,0.3538177502307794,0,0,0.05410739813385612,0,0
169,1,3,1,0.287880785968614,0,0,0.01749363495190202,2,0
170,0,3,0,0.3538177502307794,0,0,0.014736618564782174,2,0
171,0,3,0,0.3538177502307794,0,0,0.014102260811993537,0,0
172,0,3,0,0.3010681788210471,1,0,0.027130993119267845,2,1
173,0,3,0,0.3538177502307794,0,0,0.014110458666029575,0,0
174,0,3,0,0.5252538573124094,1,5,0.06126431989431795,2,6
175,1,2,1,0.19556903600158249,0,2,0.07612293033463641,2,2
176,1,2,1,0.2615060002637479,0,0,0.07173122281533045,2,0
177,0,1,0,0.7098773572464724,1,0,0.1082149914547131,0,1
178,1,2,1,0.47250428590267707,0,3,0.07612293033463641,2,3
179,1,1,1,0.8417512857708032,0,2,0.16231419173453318,0,2
180,0,2,0,0.3933799287880786,0,0,0.025374310111545468,2,0
181,0,1,0,0.48569167875511016,1,1,0.16231419173453318,0,2
182,1,1,1,0.23513121455888172,1,0,0.10364429745562033,2,1
183,0,3,0,0.3538177502307794,0,0,0.015126992566498259,1,0
184,1,1,1,0.3538177502307794,1,1,0.4831284260198326,0,2
185,0,2,0,0.5252538573124094,0,0,0.03122992013728673,2,0
186,1,2,1,0.27469339311618096,0,1,0.04098927018018883,2,1
187,0,3,0,0.22194382170644866,2,0,0.015712553569072387,2,2
188,1,3,1,0.3538177502307794,8,2,0.13575255909676825,2,10
189,0,2,0,0.5252538573124094,0,0,0.025374310111545468,2,0
190,0,2,0,0.44612950019781095,1,0,0.050748620223090936,2,1
191,0,1,0,0.3538177502307794,0,0,0.050748620223090936,2,0
192,0,3,0,0.14941316101806673,1,1,0.028302115124416098,2,2
193,0,2,0,0.8021891072135039,0,0,0.024105594605968193,1,0
194,0,2,0,0.10325728603455098,0,2,0.06343577527886367,2,2
195,0,3,0,0.43294210734537786,0,0,0.015330377421392339,2,0
196,0,1,0,0.07688250032968483,0,2,0.2625265161540666,0,2
197,1,3,1,0.23513121455888172,0,0,0.015175789316712771,2,0
198,0,2,0,0.3010681788210471,0,0,0.020494635090094415,2,0
199,1,3,1,0.3538177502307794,0,0,0.015834545444608664,2,0
200,1,3,1,0.3538177502307794,0,0,0.030253985132996517,1,0
201,0,3,0,0.002109982856389292,0,2,0.028106928123558056,2,2
202,0,1,0,0.6175656072794409,1,0,0.4440992237022602,0,1
203,1,2,1,0.10325728603455098,1,1,0.050748620223090936,2,2
204,0,2,0,0.32744296452591326,0,0,0.020494635090094415,2,0
205,0,1,0,0.3538177502307794,0,0,0.05024445219987461,0,0
206,1,3,1,0.459316893050244,0,0,0.015126992566498259,1,0
207,0,2,0,0.31425557167348017,0,0,0.020494635090094415,2,0
208,1,1,1,0.43294210734537786,0,0,0.05410739813385612,0,0
209,0,3,0,0.32744296452591326,0,0,0.015411575213749286,2,0
210,0,3,0,0.41975471449294477,0,0,0.04396587194327397,2,0
211,0,3,0,0.3538177502307794,0,0,0.013760683560491965,2,0
212,0,2,0,0.22194382170644866,0,0,0.1434624456306609,2,0
213,1,2,1,0.7890017143610708,1,0,0.050748620223090936,2,1
214,1,3,1,0.4988790716075432,4,2,0.015175789316712771,2,6
215,0,1,0,0.5516286430172755,0,0,0.08295447536466788,2,0
216,1,3,1,0.3538177502307794,0,0,0.01537917417160685,1,0
217,0,1,0,0.7494395358037717,1,1,0.32179836714362564,2,2
218,1,1,1,0.6571277858367401,1,1,0.41282050681475896,0,2
219,0,3,0,0.3538177502307794,0,0,0.015712553569072387,2,0
220,1,2,1,0.3933799287880786,1,0,0.027049600139910042,0,1
221,0,3,0,0.27469339311618096,0,0,0.015712553569072387,2,0
222,1,2,1,0.287880785968614,0,0,0.020494635090094415,2,0
223,0,3,0,0.27469339311618096,0,0,0.015216388212891242,2,0
224,1,1,1,0.6966899643940393,0,0,0.0535706338814965,0,0
225,1,3,1,0.3538177502307794,0,2,0.029757819776815374,0,2
226,0,3,0,0.3010681788210471,0,0,0.015216388212891242,2,0
227,1,3,1,0.3538177502307794,0,0,0.015126992566498259,1,0
228,0,3,0,0.5318475537386259,0,0,0.029473237129564348,2,0
229,0,2,0,0.47250428590267707,0,0,0.025374310111545468,2,0
230,0,2,0,0.18238164314914942,0,0,0.12687155055772734,2,0
231,1,1,1,0.27469339311618096,0,0,0.051822148727810165,2,0
232,0,3,0,0.27469339311618096,1,0,0.012678957201736696,2,1
233,0,3,0,0.3538177502307794,0,0,0.01537917417160685,1,0
234,0,1,0,0.5120664644599763,1,0,0.13913573538264068,0,1
235,0,3,0,0.2615060002637479,0,0,0.015330377421392339,2,0
236,0,1,0,0.8417512857708032,1,0,0.14687821814567664,0,1
237,0,3,0,0.2615060002637479,0,0,0.014102260811993537,0,0
238,1,2,1,0.23513121455888172,1,1,0.025374310111545468,2,2
239,1,1,1,0.630753000131874,1,0,0.20772776566317125,0,1
240,1,1,1,0.7230647500989055,0,0,0.05410739813385612,0,0
241,1,2,1,0.5911908215745747,0,2,0.05855610025741262,2,2
242,0,1,0,0.5911908215745747,1,1,0.2625265161540666,0,2
243,0,3,0,0.3538177502307794,0,0,0.015395374692678068,2,0
244,0,3,0,0.3538177502307794,1,2,0.04577135170121086,2,3
245,0,1,0,0.5384412501648425,1,0,0.10122885832000206,2,1
246,1,2,1,0.287880785968614,0,0,0.04098927018018883,2,0
247,0,2,0,0.5516286430172755,1,1,0.06343577527886367,2,2
248,1,2,1,0.38019253593564556,1,0,0.050748620223090936,2,1
249,1,3,1,0.3538177502307794,1,0,0.028212719478023115,0,1
250,1,2,1,0.009890544639324808,1,2,0.05416439273810667,2,3
251,0,3,0,0.2615060002637479,0,0,0.015468569817999833,2,0
252,0,1,0,0.3538177502307794,1,0,0.26697521827762305,0,1
253,0,3,0,0.31425557167348017,0,0,0.01820118783001242,2,0
254,0,3,0,0.4263484109191613,0,0,0.018542765081513996,2,0
255,0,3,0,0.3538177502307794,0,0,0.014736618564782174,2,0
256,0,3,0,0.3538177502307794,0,0,0.015126992566498259,1,0
257,0,3,0,0.36700514308321247,0,0,0.015712553569072387,2,0
258,1,2,1,0.24831860741131478,0,0,0.025374310111545468,2,0
259,0,3,0,0.27469339311618096,0,0,0.015175789316712771,2,0
260,0,3,0,0.4790979823288936,1,0,0.033962538149299316,2,1
261,0,3,0,0.27469339311618096,0,0,0.015330377421392339,2,0
262,1,2,1,0.38019253593564556,0,2,0.044893010197349675,2,2
263,1,3,1,0.010945536067519452,1,1,0.023780217875537836,2,2
264,0,2,0,0.3933799287880786,0,0,0.024861944234293106,0,0
265,0,3,0,0.3538177502307794,0,0,0.015411575213749286,2,0
266,0,1,0,0.3538177502307794,0,0,0.0,2,0
267,0,3,0,0.3538177502307794,0,0,0.014736618564782174,2,0
268,1,3,1,0.3538177502307794,0,0,0.015712553569072387,2,0
269,0,3,0,0.22194382170644866,0,0,0.016908073949327893,2,0
270,0,1,0,0.6043782144270078,0,0,0.1468620176246054,0,0
271,0,3,0,0.3538177502307794,0,0,0.015126992566498259,1,0
272,1,1,1,0.34063035737834635,1,0,0.26697521827762305,0,1
273,1,3,1,0.3538177502307794,1,0,0.030253985132996517,1,1
274,0,3,0,0.3538177502307794,0,0,0.014102260811993537,0,0
275,1,2,1,0.2615060002637479,1,0,0.050748620223090936,2,1
276,0,2,0,0.36700514308321247,0,0,0.020494635090094415,2,0
277,0,2,0,0.5252538573124094,1,0,0.050748620223090936,2,1
278,0,2,0,0.3933799287880786,1,0,0.04098927018018883,2,1
279,0,2,0,0.287880785968614,0,0,0.020494635090094415,2,0
280,1,3,1,0.3010681788210471,0,0,0.016908073949327893,2,0
281,0,3,0,0.007648687854411184,1,1,0.026887009368195294,2,2
282,1,3,1,0.3538177502307794,0,0,0.015126992566498259,1,0
283,1,3,1,0.11644467888698405,1,1,0.029757819776815374,0,2
284,1,3,1,0.024132928919952525,1,1,0.039452172548431745,2,2
285,0,3,0,0.47250428590267707,0,0,0.014151057562208049,2,0
286,0,3,0,0.3538177502307794,0,0,0.014151057562208049,2,0
287,0,1,0,0.31425557167348017,1,0,0.16057390443488287,2,1
288,0,3,0,0.3538177502307794,0,0,0.014110458666029575,0,0
289,0,3,0,0.3538177502307794,0,0,0.015712553569072387,2,0
290,0,1,0,0.3538177502307794,0,0,0.07729405233978466,2,0
291,1,3,1,0.3933799287880786,0,0,0.013565496559633922,1,0
292,0,3,0,0.3538177502307794,0,0,0.014110458666029575,0,0
293,0,1,0,0.6966899643940393,1,1,0.15977676072337862,2,2
294,0,3,0,0.47250428590267707,0,0,0.018542765081513996,2,0
295,0,3,0,0.34063035737834635,0,0,0.015411575213749286,2,0
296,1,2,1,0.010945536067519452,1,2,0.08115719346076702,0,3
297,0,3,0,0.3538177502307794,2,0,0.04231498029001666,0,2
298,0,1,0,0.3933799287880786,0,0,0.08881008539040913,2,0
299,0,3,0,0.38019253593564556,0,0,0.015330377421392339,2,0
300,0,3,0,0.41975471449294477,0,0,0.015175789316712771,2,0
301,0,2,0,0.3538177502307794,0,0,0.02936744577509929,0,0
302,0,2,0,0.5648160358697086,0,1,0.04098927018018883,2,1
303,0,3,0,0.31425557167348017,0,0,0.016908073949327893,2,0
304,1,3,1,0.3538177502307794,0,0,0.015126992566498259,1,0
305,1,1,1,0.8417512857708032,1,1,0.051822148727810165,2,2
306,0,1,0,0.3933799287880786,1,2,0.29580589980036276,2,3
307,0,3,0,0.008703679282605828,0,1,0.018249984580226933,2,1
308,0,1,0,0.7230647500989055,1,1,0.18249984580226933,2,2
309,1,3,1,0.5911908215745747,1,0,0.027537567642055148,2,1
310,0,3,0,0.23513121455888172,0,0,0.016908073949327893,2,0
311,0,3,0,0.287880785968614,0,0,0.014102260811993537,0,0
312,0,3,0,0.3538177502307794,0,0,0.014785415314996686,2,0
313,1,3,1,0.48569167875511016,0,0,0.015126992566498259,1,0
314,1,1,1,0.7230647500989055,0,0,0.2647385704347907,0,0
315,1,3,1,0.22194382170644866,0,0,0.015094396337354966,1,0
316,0,1,0,0.7494395358037717,1,0,0.2859895551532101,0,1
317,0,2,0,0.24831860741131478,0,0,0.020494635090094415,2,0
318,0,3,0,0.3538177502307794,0,0,0.015330377421392339,2,0
319,0,2,0,0.287880785968614,2,0,0.061483905270283246,2,2
320,0,3,0,0.34063035737834635,0,0,0.015175789316712771,2,0
321,0,3,0,0.32744296452591326,0,0,0.014110458666029575,0,0
322,0,2,0,0.34063035737834635,0,0,0.025374310111545468,2,0
323,0,1,0,0.43294210734537786,0,0,0.051822148727810165,2,0
324,1,1,1,0.5120664644599763,0,0,0.41250332793836464,2,0
325,0,3,0,0.3010681788210471,0,0,0.013760683560491965,2,0
326,1,2,1,0.15600685744428328,2,1,0.07612293033463641,2,3
327,0,1,0,0.6043782144270078,0,0,0.15458810467956932,0,0
328,0,2,0,0.38019253593564556,1,0,0.050748620223090936,2,1
329,0,2,0,0.27469339311618096,0,0,0.025374310111545468,2,0
330,1,2,1,0.630753000131874,0,2,0.07173122281533045,2,2
331,0,1,0,0.5120664644599763,0,0,0.057970539254838485,0,0
332,0,3,0,0.3538177502307794,0,0,0.014102260811993537,0,0
333,1,3,1,0.24831860741131478,1,1,0.030725752114070404,0,2
334,0,3,0,0.3538177502307794,0,0,0.015411575213749286,2,0
335,0,1,0,0.3933799287880786,0,0,0.050748620223090936,2,0
336,0,2,0,0.41975471449294477,0,0,0.025374310111545468,2,0
337,0,3,0,0.5120664644599763,0,2,0.014110458666029575,0,2
338,0,2,0,0.32744296452591326,0,0,0.061483905270283246,2,0
339,0,3,0,0.3538177502307794,0,0,0.014110458666029575,0,0
340,0,2,0,0.23513121455888172,0,0,0.020494635090094415,2,0
341,0,3,0,0.41975471449294477,0,0,0.014793613169032724,2,0
342,0,3,0,0.3538177502307794,1,9,0.13575255909676825,2,10
343,1,1,1,0.7626269286562047,0,1,1.0,0,1
344,0,3,0,0.3538177502307794,1,1,0.028302115124416098,2,2
345,1,3,1,0.20875642885401557,0,0,0.014931805565640218,2,0
346,0,2,0,0.34063035737834635,0,0,0.025374310111545468,2,0
347,1,3,1,0.4988790716075432,0,0,0.014110458666029575,0,0
348,0,2,0,0.31425557167348017,0,0,0.026350245115835676,2,0
349,1,2,1,0.4065673216405117,0,0,0.04098927018018883,2,0
350,1,1,1,0.5911908215745747,0,1,0.12366716556464086,0,1
351,0,2,0,0.32744296452591326,0,0,0.020494635090094415,2,0
352,0,2,0,0.23513121455888172,0,0,0.1434624456306609,2,0
353,0,2,0,0.643940392984307,1,2,0.12687155055772734,2,3
354,1,3,1,0.0,1,2,0.04015972542654215,2,3
355,0,1,0,0.6571277858367401,0,0,0.050748620223090936,2,0
356,1,1,1,0.7758143215086378,2,0,0.10048070654571319,2,2
357,0,3,0,0.3538177502307794,0,0,0.01537917417160685,2,0
358,0,3,0,0.3538177502307794,0,0,0.015126992566498259,1,0
359,1,3,1,0.3933799287880786,1,0,0.030351578633425542,2,1
360,0,3,0,0.18897533957536597,8,2,0.13575255909676825,2,10
361,1,2,1,0.31425557167348017,1,1,0.07222738817151159,0,2
362,1,2,1,0.4065673216405117,0,0,0.04098927018018883,2,0
363,0,3,0,0.3538177502307794,0,0,0.016908073949327893,2,0
364,1,1,1,0.32744296452591326,1,0,0.1082149914547131,0,1
365,1,3,1,0.3538177502307794,1,9,0.13575255909676825,2,10
366,0,3,0,0.3538177502307794,1,0,0.028220722145058292,0,1
367,1,3,1,0.287880785968614,0,0,0.07746484096553544,2,0
368,1,1,1,0.5911908215745747,0,1,0.11594107850967697,0,1
369,0,2,0,0.38019253593564556,0,0,0.027049600139910042,0,0
370,0,2,0,0.27469339311618096,1,0,0.022446505098674838,2,1
371,1,1,1,0.4065673216405117,0,0,0.2625265161540666,0,0
372,0,1,0,0.643940392984307,0,0,0.0,2,0
373,0,2,0,0.5780034287221416,0,0,0.025374310111545468,2,0
374,1,1,1,0.7098773572464724,1,1,0.15977676072337862,2,2
375,1,1,1,0.5911908215745747,0,0,0.5121218935012878,0,0
376,1,3,1,0.287880785968614,2,0,0.016908073949327893,2,2
377,0,2,0,0.27469339311618096,0,0,0.022446505098674838,2,0
378,0,1,0,0.7230647500989055,0,0,0.09759350042902103,2,0
379,0,3,0,0.06369510747725175,4,2,0.06126431989431795,2,6
380,0,3,0,0.3538177502307794,0,0,0.015126992566498259,1,0
381,0,3,0,0.34063035737834635,0,0,0.01537917417160685,1,0
382,1,3,1,0.3538177502307794,0,0,0.028302115124416098,2,0
383,1,3,1,0.24831860741131478,1,0,0.031425107138144774,2,1
384,0,2,0,0.3538177502307794,0,0,0.025130326360472913,2,0
385,1,2,1,0.31425557167348017,1,2,0.12687155055772734,2,3
386,0,3,0,0.31425557167348017,0,0,0.015175789316712771,2,0
387,0,2,0,0.7494395358037717,0,0,0.025374310111545468,2,0
388,0,3,0,0.27469339311618096,0,0,0.015126992566498259,1,0
389,0,3,0,0.07688250032968483,3,1,0.04113566043083236,2,4
390,0,1,0,0.3010681788210471,0,0,0.18249984580226933,2,0
391,1,1,1,0.6703151786891732,0,1,0.07690367833806856,2,1
392,0,3,0,0.16919425029671636,0,2,0.03952536767375352,2,2
393,0,2,0,0.6175656072794409,0,0,0.020494635090094415,2,0
394,0,3,0,0.38019253593564556,3,1,0.04298993693898376,2,4
395,1,1,1,0.23513121455888172,1,0,0.11711220051482524,2,1
396,0,3,0,0.31425557167348017,0,0,0.014151057562208049,1,0
397,1,1,1,0.630753000131874,1,1,0.15458810467956932,0,2
398,0,3,0,0.287880785968614,0,0,0.015175789316712771,2,0
399,0,3,0,0.4065673216405117,0,0,0.015094396337354966,1,0
400,1,1,1,0.3933799287880786,0,0,0.32179836714362564,2,0
401,0,2,0,0.4988790716075432,1,0,0.04098927018018883,2,1
402,1,1,1,0.287880785968614,0,1,0.11594107850967697,0,1
403,0,1,0,0.22194382170644866,0,0,0.09193307740413781,2,0
404,0,1,0,0.5648160358697086,1,0,0.05410739813385612,0,1
405,0,2,0,0.2615060002637479,0,0,0.02705779799394608,0,0
406,0,2,0,0.3010681788210471,1,0,0.020494635090094415,2,1
407,0,1,0,0.6571277858367401,1,1,0.41282050681475896,0,2
408,1,3,1,0.3538177502307794,0,0,0.01506999796224771,1,0
409,1,3,1,0.0373203217723856,1,1,0.026887009368195294,2,2
410,1,3,1,0.3538177502307794,0,0,0.015126992566498259,1,0
411,1,1,1,0.48569167875511016,1,0,0.17566830077223786,1,1
412,1,3,1,0.36700514308321247,0,0,0.015175789316712771,2,0
413,0,3,0,0.3538177502307794,0,0,0.015712553569072387,2,0
414,1,1,1,0.5120664644599763,0,0,0.2125586439344078,0,0
415,0,3,0,0.5054727680337597,0,0,0.014151057562208049,2,0
416,0,3,0,0.3538177502307794,0,0,0.015712553569072387,2,0
417,0,3,0,0.3538177502307794,1,1,0.04364049521284362,0,2
